Price,Close
Ticker,JPM
Date,
2015-01-02,47.174259185791016
2015-01-05,45.709747314453125
2015-01-06,44.5245361328125
2015-01-07,44.59246063232422
2015-01-08,45.58895492553711
2015-01-09,44.796302795410156
2015-01-12,44.41128921508789
2015-01-13,44.4188346862793
2015-01-14,42.88636779785156
2015-01-15,41.51243209838867
2015-01-16,42.2220573425293
2015-01-20,42.05597686767578
2015-01-21,42.19185256958008
2015-01-22,43.4752082824707
2015-01-23,42.788246154785156
2015-01-26,42.856170654296875
2015-01-27,42.425880432128906
2015-01-28,41.331275939941406
2015-01-29,42.02579116821289
2015-01-30,41.05195236206055
2015-02-02,41.874786376953125
2015-02-03,42.81843185424805
2015-02-04,42.561763763427734
2015-02-05,42.856170654296875
2015-02-06,43.70167922973633
2015-02-09,43.648826599121094
2015-02-10,44.13197326660156
2015-02-11,44.06403350830078
2015-02-12,44.96992492675781
2015-02-13,45.04541015625
2015-02-17,45.37002944946289
2015-02-18,44.818946838378906
2015-02-19,44.713253021240234
2015-02-20,45.1435432434082
2015-02-23,44.8038444519043
2015-02-24,45.9135627746582
2015-02-25,46.15513610839844
2015-02-26,46.48728561401367
2015-02-27,46.26081085205078
2015-03-02,46.63072204589844
2015-03-03,46.78170394897461
2015-03-04,46.902488708496094
2015-03-05,46.80435562133789
2015-03-06,45.96641159057617
2015-03-09,46.42689895629883
2015-03-10,45.264347076416016
2015-03-11,45.4757080078125
2015-03-12,46.32875442504883
2015-03-13,46.049442291259766
2015-03-16,46.691104888916016
2015-03-17,46.50992965698242
2015-03-18,46.61563491821289
2015-03-19,46.20042419433594
2015-03-20,46.61563491821289
2015-03-23,46.15513610839844
2015-03-24,45.641788482666016
2015-03-25,45.0001220703125
2015-03-26,44.94727325439453
2015-03-27,44.95481491088867
2015-03-30,46.01925277709961
2015-03-31,45.73237228393555
2015-04-01,45.55759811401367
2015-04-02,45.990753173828125
2015-04-06,45.95275115966797
2015-04-07,46.24153137207031
2015-04-08,46.39351272583008
2015-04-09,46.71268844604492
2015-04-10,46.88747787475586
2015-04-13,47.16865158081055
2015-04-14,47.90576934814453
2015-04-15,48.794883728027344
2015-04-16,48.49091720581055
2015-04-17,47.7537727355957
2015-04-20,48.057762145996094
2015-04-21,47.35102462768555
2015-04-22,47.82978057861328
2015-04-23,47.723388671875
2015-04-24,47.5713996887207
2015-04-27,47.37383270263672
2015-04-28,47.6929817199707
2015-04-29,48.33132553100586
2015-04-30,48.07295227050781
2015-05-01,48.33892059326172
2015-05-04,49.18246078491211
2015-05-05,48.93927764892578
2015-05-06,48.57450485229492
2015-05-07,49.01526641845703
2015-05-08,49.7675895690918
2015-05-11,49.737186431884766
2015-05-12,49.66880416870117
2015-05-13,49.79039764404297
2015-05-14,50.19316482543945
2015-05-15,50.06396484375
2015-05-18,50.474327087402344
2015-05-19,50.92267608642578
2015-05-20,50.51991271972656
2015-05-21,50.64910888671875
2015-05-22,50.5123176574707
2015-05-26,49.94997024536133
2015-05-27,50.5123176574707
2015-05-28,50.30713653564453
2015-05-29,49.987972259521484
2015-06-01,50.2159538269043
2015-06-02,50.17034149169922
2015-06-03,50.68709945678711
2015-06-04,50.405941009521484
2015-06-05,51.2342529296875
2015-06-08,50.83149337768555
2015-06-09,51.05186080932617
2015-06-10,51.87258529663086
2015-06-11,52.070159912109375
2015-06-12,51.864990234375
2015-06-15,51.66740417480469
2015-06-16,51.956180572509766
2015-06-17,51.78139877319336
2015-06-18,52.26774215698242
2015-06-19,51.73580551147461
2015-06-22,52.404537200927734
2015-06-23,53.004878997802734
2015-06-24,52.45012283325195
2015-06-25,52.16896438598633
2015-06-26,52.39691925048828
2015-06-29,51.06707000732422
2015-06-30,51.49263000488281
2015-07-01,52.06629180908203
2015-07-02,51.645591735839844
2015-07-06,51.500274658203125
2015-07-07,51.09489440917969
2015-07-08,50.04697036743164
2015-07-09,50.567108154296875
2015-07-10,51.28611755371094
2015-07-13,52.081581115722656
2015-07-14,52.80824661254883
2015-07-15,52.9229736328125
2015-07-16,53.205989837646484
2015-07-17,52.93827819824219
2015-07-20,52.97650909423828
2015-07-21,52.85413360595703
2015-07-22,53.60374450683594
2015-07-23,53.26719665527344
2015-07-24,52.70881271362305
2015-07-27,52.0203971862793
2015-07-28,52.05099868774414
2015-07-29,52.731754302978516
2015-07-30,52.80824661254883
2015-07-31,52.41814422607422
2015-08-03,52.41814422607422
2015-08-04,52.36459732055664
2015-08-05,52.57113265991211
2015-08-06,52.203975677490234
2015-08-07,52.05099868774414
2015-08-10,52.69350051879883
2015-08-11,52.188682556152344
2015-08-12,51.43143844604492
2015-08-13,51.668556213378906
2015-08-14,51.92860412597656
2015-08-17,52.06629180908203
2015-08-18,52.17338180541992
2015-08-19,51.706809997558594
2015-08-20,50.437068939208984
2015-08-21,48.64722442626953
2015-08-24,46.08483123779297
2015-08-25,45.82476043701172
2015-08-26,48.119449615478516
2015-08-27,49.32033157348633
2015-08-28,49.05261993408203
2015-08-31,49.0296630859375
2015-09-01,47.0026969909668
2015-09-02,47.85939025878906
2015-09-03,47.943519592285156
2015-09-04,47.04095458984375
2015-09-08,48.3106689453125
2015-09-09,47.56106948852539
2015-09-10,47.928226470947266
2015-09-11,47.85173034667969
2015-09-14,47.71405792236328
2015-09-15,48.63191604614258
2015-09-16,49.06026077270508
2015-09-17,47.920570373535156
2015-09-18,46.612606048583984
2015-09-21,47.0026969909668
2015-09-22,46.589656829833984
2015-09-23,46.38313674926758
2015-09-24,46.0618896484375
2015-09-25,47.01800537109375
2015-09-28,45.8783073425293
2015-09-29,45.77122497558594
2015-09-30,46.63557434082031
2015-10-01,46.97975540161133
2015-10-02,46.84880065917969
2015-10-05,47.78097915649414
2015-10-06,47.8040885925293
2015-10-07,47.86571502685547
2015-10-08,47.86571502685547
2015-10-09,47.71165084838867
2015-10-12,47.549861907958984
2015-10-13,47.418880462646484
2015-10-14,46.217041015625
2015-10-15,47.68083953857422
2015-10-16,48.09685134887695
2015-10-19,47.93505859375
2015-10-20,48.166175842285156
2015-10-21,47.81180953979492
2015-10-22,48.6823616027832
2015-10-23,49.20623779296875
2015-10-26,49.2293586730957
2015-10-27,49.029052734375
2015-10-28,50.46201705932617
2015-10-29,50.23860549926758
2015-10-30,49.49899673461914
2015-11-02,50.49282455444336
2015-11-03,50.67771911621094
2015-11-04,50.73166275024414
2015-11-05,51.18620300292969
2015-11-06,52.74244689941406
2015-11-09,51.91810989379883
2015-11-10,52.14151382446289
2015-11-11,51.88728713989258
2015-11-12,50.84721755981445
2015-11-13,50.508235931396484
2015-11-16,51.24013137817383
2015-11-17,50.94738006591797
2015-11-18,51.96430969238281
2015-11-19,52.126102447509766
2015-11-20,52.033660888671875
2015-11-23,51.52519226074219
2015-11-24,51.44814682006836
2015-11-25,51.50978469848633
2015-11-27,51.748592376708984
2015-11-30,51.37110137939453
2015-12-01,52.087589263916016
2015-12-02,51.35570526123047
2015-12-03,50.693145751953125
2015-12-04,52.30330276489258
2015-12-07,51.61762619018555
2015-12-08,50.816402435302734
2015-12-09,50.43119430541992
2015-12-10,50.54676818847656
2015-12-11,49.360321044921875
2015-12-14,49.514400482177734
2015-12-15,50.92425537109375
2015-12-16,52.02595138549805
2015-12-17,51.06294250488281
2015-12-18,49.61456298828125
2015-12-21,50.49282455444336
2015-12-22,50.600685119628906
2015-12-23,51.40961456298828
2015-12-24,51.309471130371094
2015-12-28,51.13998031616211
2015-12-29,51.671566009521484
2015-12-30,51.30176544189453
2015-12-31,50.87033462524414
2016-01-04,49.342437744140625
2016-01-05,49.4277458190918
2016-01-06,48.71421813964844
2016-01-07,46.744239807128906
2016-01-08,45.69721221923828
2016-01-11,45.62741470336914
2016-01-12,45.728240966796875
2016-01-13,44.471805572509766
2016-01-14,45.138790130615234
2016-01-15,44.23912048339844
2016-01-19,44.21585464477539
2016-01-20,43.0524787902832
2016-01-21,42.85082244873047
2016-01-22,44.1693229675293
2016-01-25,43.16881561279297
2016-01-26,44.27014923095703
2016-01-27,44.23912048339844
2016-01-28,44.425254821777344
2016-01-29,46.14704895019531
2016-02-01,45.650691986083984
2016-02-02,44.231361389160156
2016-02-03,44.526084899902344
2016-02-04,45.29389953613281
2016-02-05,44.78977966308594
2016-02-08,43.85132598876953
2016-02-09,43.58763122558594
2016-02-10,43.06023406982422
2016-02-11,41.16006088256836
2016-02-12,44.588130950927734
2016-02-16,45.255130767822266
2016-02-17,45.58087158203125
2016-02-18,44.836326599121094
2016-02-19,44.84406280517578
2016-02-22,45.42574691772461
2016-02-23,43.525596618652344
2016-02-24,43.541107177734375
2016-02-25,44.21585464477539
2016-02-26,44.62690734863281
2016-02-29,43.665191650390625
2016-03-01,45.914371490478516
2016-03-02,46.348690032958984
2016-03-03,46.50381851196289
2016-03-04,46.57361602783203
2016-03-07,46.488304138183594
2016-03-08,45.58863067626953
2016-03-09,45.85233688354492
2016-03-10,45.456783294677734
2016-03-11,46.02295684814453
2016-03-14,45.85233688354492
2016-03-15,45.914371490478516
2016-03-16,45.69721221923828
2016-03-17,45.565364837646484
2016-03-18,46.90712356567383
2016-03-21,46.89159393310547
2016-03-22,46.72097396850586
2016-03-23,46.488304138183594
2016-03-24,46.13153076171875
2016-03-28,46.069496154785156
2016-03-29,45.782527923583984
2016-03-30,46.30992126464844
2016-03-31,45.92988586425781
2016-04-01,46.434017181396484
2016-04-04,46.25430679321289
2016-04-05,45.597999572753906
2016-04-06,45.9495964050293
2016-04-07,44.78541946411133
2016-04-08,45.11356735229492
2016-04-11,45.47298812866211
2016-04-12,46.316810607910156
2016-04-13,48.277931213378906
2016-04-14,48.90298843383789
2016-04-15,48.34043884277344
2016-04-18,48.65296173095703
2016-04-19,49.473358154296875
2016-04-20,50.192176818847656
2016-04-21,49.69212341308594
2016-04-22,49.98121643066406
2016-04-25,49.69212341308594
2016-04-26,49.9499626159668
2016-04-27,50.09061050415039
2016-04-28,49.69212341308594
2016-04-29,49.379600524902344
2016-05-02,49.840579986572266
2016-05-03,48.879554748535156
2016-05-04,48.106040954589844
2016-05-05,47.84821701049805
2016-05-06,48.12948989868164
2016-05-09,47.824771881103516
2016-05-10,48.4732666015625
2016-05-11,48.2935676574707
2016-05-12,48.26230239868164
2016-05-13,47.81695556640625
2016-05-16,48.176361083984375
2016-05-17,48.176361083984375
2016-05-18,50.035911560058594
2016-05-19,49.52805709838867
2016-05-20,49.621803283691406
2016-05-23,49.5827522277832
2016-05-24,50.42657470703125
2016-05-25,51.192264556884766
2016-05-26,50.809410095214844
2016-05-27,51.12194061279297
2016-05-31,50.99693298339844
2016-06-01,51.325096130371094
2016-06-02,51.41883850097656
2016-06-03,50.50470733642578
2016-06-06,51.0047607421875
2016-06-07,50.83285903930664
2016-06-08,50.98130798339844
2016-06-09,50.59065246582031
2016-06-10,49.87965774536133
2016-06-13,49.434288024902344
2016-06-14,48.50452423095703
2016-06-15,48.41856384277344
2016-06-16,48.61390686035156
2016-06-17,48.66078186035156
2016-06-20,48.73109436035156
2016-06-21,49.18426513671875
2016-06-22,48.99675369262695
2016-06-23,50.043731689453125
2016-06-24,46.566829681396484
2016-06-27,45.01201248168945
2016-06-28,46.50434494018555
2016-06-29,47.81695556640625
2016-06-30,48.551395416259766
2016-07-01,48.2364387512207
2016-07-05,46.88996887207031
2016-07-06,47.393917083740234
2016-07-07,47.700992584228516
2016-07-08,48.685264587402344
2016-07-11,49.031715393066406
2016-07-12,49.76400375366211
2016-07-13,49.73250961303711
2016-07-14,50.48841094970703
2016-07-15,50.53565979003906
2016-07-18,50.36241912841797
2016-07-19,50.2836799621582
2016-07-20,50.338802337646484
2016-07-21,50.14982986450195
2016-07-22,50.4254150390625
2016-07-25,50.29155731201172
2016-07-26,50.49628829956055
2016-07-27,50.65376663208008
2016-07-28,50.47267150878906
2016-07-29,50.37031173706055
2016-08-01,50.23643112182617
2016-08-02,50.11833572387695
2016-08-03,50.913612365722656
2016-08-04,50.83486557006836
2016-08-05,52.204959869384766
2016-08-08,52.04747009277344
2016-08-09,51.86637496948242
2016-08-10,51.40180969238281
2016-08-11,51.54353332519531
2016-08-12,51.43330001831055
2016-08-15,51.74826431274414
2016-08-16,51.74038314819336
2016-08-17,51.882110595703125
2016-08-18,51.92935562133789
2016-08-19,51.858497619628906
2016-08-22,51.811256408691406
2016-08-23,51.78763198852539
2016-08-24,51.92935562133789
2016-08-25,52.02384948730469
2016-08-26,52.14196014404297
2016-08-29,52.71677017211914
2016-08-30,53.149837493896484
2016-08-31,53.149837493896484
2016-09-01,52.92149353027344
2016-09-02,53.1419677734375
2016-09-06,53.10260772705078
2016-09-07,52.88213348388672
2016-09-08,52.952980041503906
2016-09-09,52.480552673339844
2016-09-12,52.80339050292969
2016-09-13,52.38605880737305
2016-09-14,52.28369903564453
2016-09-15,52.47267150878906
2016-09-16,51.826995849609375
2016-09-19,52.118350982666016
2016-09-20,52.330928802490234
2016-09-21,52.63015365600586
2016-09-22,53.063232421875
2016-09-23,52.952980041503906
2016-09-26,51.79550552368164
2016-09-27,52.252197265625
2016-09-28,52.52777862548828
2016-09-29,51.69314193725586
2016-09-30,52.43329620361328
2016-10-03,52.370304107666016
2016-10-04,52.8223876953125
2016-10-05,53.68690490722656
2016-10-06,53.829673767089844
2016-10-07,54.02000427246094
2016-10-10,54.44036865234375
2016-10-11,54.17863464355469
2016-10-12,54.03587341308594
2016-10-13,53.7265510559082
2016-10-14,53.552066802978516
2016-10-17,53.27446746826172
2016-10-18,53.69482421875
2016-10-19,54.21037292480469
2016-10-20,54.13899612426758
2016-10-21,54.32139587402344
2016-10-24,54.622806549072266
2016-10-25,54.56727981567383
2016-10-26,54.829010009765625
2016-10-27,54.9083137512207
2016-10-28,54.81315231323242
2016-10-31,54.93210983276367
2016-11-01,54.70210647583008
2016-11-02,54.47210693359375
2016-11-03,54.23415756225586
2016-11-04,53.74242401123047
2016-11-07,55.42385482788086
2016-11-08,55.54280471801758
2016-11-09,58.096702575683594
2016-11-10,60.7933464050293
2016-11-11,60.8250617980957
2016-11-14,63.06167984008789
2016-11-15,62.942726135253906
2016-11-16,61.38819885253906
2016-11-17,61.87992477416992
2016-11-18,61.63406753540039
2016-11-21,61.9036979675293
2016-11-22,62.28440856933594
2016-11-23,62.54613494873047
2016-11-25,62.522361755371094
2016-11-28,62.11785888671875
2016-11-29,62.59374237060547
2016-11-30,63.585166931152344
2016-12-01,64.8700180053711
2016-12-02,64.71932220458984
2016-12-05,66.03591918945312
2016-12-06,66.3769760131836
2016-12-07,66.67835235595703
2016-12-08,67.51116180419922
2016-12-09,67.8045883178711
2016-12-12,67.20183563232422
2016-12-13,67.2256088256836
2016-12-14,67.20183563232422
2016-12-15,68.2090835571289
2016-12-16,67.36837768554688
2016-12-19,67.75701141357422
2016-12-20,68.62944793701172
2016-12-21,68.803955078125
2016-12-22,68.91497802734375
2016-12-23,69.04188537597656
2016-12-27,69.10531616210938
2016-12-28,68.60565948486328
2016-12-29,68.121826171875
2016-12-30,68.43910217285156
2017-01-03,69.18464660644531
2017-01-04,69.31224822998047
2017-01-05,68.67422485351562
2017-01-06,68.68220520019531
2017-01-09,68.73004913330078
2017-01-10,68.92943572998047
2017-01-11,69.44780731201172
2017-01-12,68.77790069580078
2017-01-13,69.144775390625
2017-01-17,66.63259887695312
2017-01-18,66.9436264038086
2017-01-19,66.43319702148438
2017-01-20,66.72828674316406
2017-01-23,66.76018524169922
2017-01-24,67.56568145751953
2017-01-25,68.61044311523438
2017-01-26,69.18463897705078
2017-01-27,69.32818603515625
2017-01-30,68.61044311523438
2017-01-31,67.4939193725586
2017-02-01,67.74909973144531
2017-02-02,67.46199798583984
2017-02-03,69.5275650024414
2017-02-06,69.20059204101562
2017-02-07,69.16072082519531
2017-02-08,68.55461120605469
2017-02-09,69.54356384277344
2017-02-10,69.38402557373047
2017-02-13,70.30116271972656
2017-02-14,71.42567443847656
2017-02-15,72.24711608886719
2017-02-16,72.19925689697266
2017-02-17,71.95999908447266
2017-02-21,72.58206939697266
2017-02-22,72.6219711303711
2017-02-23,72.6777572631836
2017-02-24,72.03977966308594
2017-02-27,72.11949920654297
2017-02-28,72.27105712890625
2017-03-01,74.64766693115234
2017-03-02,73.48326873779297
2017-03-03,74.0096206665039
2017-03-06,73.30780029296875
2017-03-07,72.90106964111328
2017-03-08,72.7415542602539
2017-03-09,73.0286636352539
2017-03-10,72.79740142822266
2017-03-13,72.86119842529297
2017-03-14,72.98081970214844
2017-03-15,73.15630340576172
2017-03-16,73.08451843261719
2017-03-17,72.31890106201172
2017-03-20,71.80049133300781
2017-03-21,69.69505310058594
2017-03-22,69.80669403076172
2017-03-23,69.69505310058594
2017-03-24,69.61530303955078
2017-03-27,69.57542419433594
2017-03-28,70.66004943847656
2017-03-29,70.39686584472656
2017-03-30,71.00297546386719
2017-03-31,70.05392456054688
2017-04-03,69.79872131347656
2017-04-04,70.03133392333984
2017-04-05,69.13298797607422
2017-04-06,69.36561584472656
2017-04-07,69.12495422363281
2017-04-10,68.88433074951172
2017-04-11,68.7640151977539
2017-04-12,68.49932861328125
2017-04-13,67.69722747802734
2017-04-17,68.86830139160156
2017-04-18,68.30683898925781
2017-04-19,67.74535369873047
2017-04-20,68.61966705322266
2017-04-21,67.7934799194336
2017-04-24,70.18373107910156
2017-04-25,70.79334259033203
2017-04-26,70.92969512939453
2017-04-27,70.27195739746094
2017-04-28,69.78268432617188
2017-05-01,69.83081817626953
2017-05-02,69.38164520263672
2017-05-03,69.78268432617188
2017-05-04,69.8629150390625
2017-05-05,69.78268432617188
2017-05-08,69.8629150390625
2017-05-09,69.58218383789062
2017-05-10,70.12760162353516
2017-05-11,69.91104125976562
2017-05-12,69.71852111816406
2017-05-15,70.05543518066406
2017-05-16,70.27195739746094
2017-05-17,67.59296417236328
2017-05-18,67.34430694580078
2017-05-19,68.00203704833984
2017-05-22,67.93785095214844
2017-05-23,68.78807830810547
2017-05-24,68.74797058105469
2017-05-25,68.459228515625
2017-05-26,68.46723937988281
2017-05-30,67.29619598388672
2017-05-31,65.89251708984375
2017-06-01,66.6224365234375
2017-06-02,66.28555297851562
2017-06-05,66.40583801269531
2017-06-06,66.5422134399414
2017-06-07,67.30420684814453
2017-06-08,68.13835906982422
2017-06-09,69.7506103515625
2017-06-12,69.76667785644531
2017-06-13,69.99925231933594
2017-06-14,69.8548812866211
2017-06-15,69.43781280517578
2017-06-16,69.12495422363281
2017-06-19,70.64093017578125
2017-06-20,70.19976806640625
2017-06-21,69.87893676757812
2017-06-22,69.7987289428711
2017-06-23,69.67037200927734
2017-06-26,69.97517395019531
2017-06-27,70.62489318847656
2017-06-28,72.04459381103516
2017-06-29,73.11140441894531
2017-06-30,73.31192016601562
2017-07-03,74.80397033691406
2017-07-05,75.55402374267578
2017-07-06,75.31208038330078
2017-07-07,75.6911392211914
2017-07-10,75.1588363647461
2017-07-11,74.86849212646484
2017-07-12,74.61040496826172
2017-07-13,75.08624267578125
2017-07-14,74.40072631835938
2017-07-17,73.7071304321289
2017-07-18,73.44902801513672
2017-07-19,73.55389404296875
2017-07-20,73.55389404296875
2017-07-21,73.30386352539062
2017-07-24,73.61842346191406
2017-07-25,74.84430694580078
2017-07-26,74.14264678955078
2017-07-27,73.83615112304688
2017-07-28,73.61842346191406
2017-07-31,74.03780364990234
2017-08-01,75.02979278564453
2017-08-02,75.09432220458984
2017-08-03,74.60236358642578
2017-08-04,75.53790283203125
2017-08-07,75.8282241821289
2017-08-08,75.55402374267578
2017-08-09,75.43304443359375
2017-08-10,74.35232543945312
2017-08-11,73.7313003540039
2017-08-14,74.59428405761719
2017-08-15,74.7878646850586
2017-08-16,74.27167510986328
2017-08-17,73.11029815673828
2017-08-18,73.18290710449219
2017-08-21,73.09416198730469
2017-08-22,73.84423065185547
2017-08-23,73.93295288085938
2017-08-24,73.81195831298828
2017-08-25,74.1103744506836
2017-08-28,73.87650299072266
2017-08-29,73.47322082519531
2017-08-30,73.6426010131836
2017-08-31,73.30386352539062
2017-09-01,73.95713806152344
2017-09-05,72.19087982177734
2017-09-06,72.67476654052734
2017-09-07,71.4004898071289
2017-09-08,71.3117904663086
2017-09-11,72.41669464111328
2017-09-12,73.30386352539062
2017-09-13,73.51355743408203
2017-09-14,73.36837005615234
2017-09-15,73.89262390136719
2017-09-18,74.94107055664062
2017-09-19,75.76373291015625
2017-09-20,76.2960205078125
2017-09-21,76.64282989501953
2017-09-22,76.48151397705078
2017-09-25,75.90892791748047
2017-09-26,75.57015228271484
2017-09-27,76.7637939453125
2017-09-28,76.92510986328125
2017-09-29,77.02995300292969
2017-10-02,78.10260772705078
2017-10-03,78.51393127441406
2017-10-04,77.71548461914062
2017-10-05,78.76194763183594
2017-10-06,78.62406921386719
2017-10-09,78.2103271484375
2017-10-10,78.7944107055664
2017-10-11,78.55915832519531
2017-10-12,77.86962127685547
2017-10-13,77.76416778564453
2017-10-16,79.37036895751953
2017-10-17,79.1919174194336
2017-10-18,79.49205780029297
2017-10-19,79.58942413330078
2017-10-20,80.72515106201172
2017-10-23,80.58722686767578
2017-10-24,81.86897277832031
2017-10-25,81.95008087158203
2017-10-26,82.53414916992188
2017-10-27,82.55848693847656
2017-10-30,82.26647186279297
2017-10-31,81.61748504638672
2017-11-01,81.86897277832031
2017-11-02,82.41248321533203
2017-11-03,82.26647186279297
2017-11-06,81.75537872314453
2017-11-07,80.10858917236328
2017-11-08,79.2081298828125
2017-11-09,79.20002746582031
2017-11-10,79.10269927978516
2017-11-13,79.3865966796875
2017-11-14,78.9079818725586
2017-11-15,79.65431213378906
2017-11-16,79.88146209716797
2017-11-17,79.61376190185547
2017-11-20,80.31952667236328
2017-11-21,80.25462341308594
2017-11-22,80.01936340332031
2017-11-24,79.75977325439453
2017-11-27,79.44340515136719
2017-11-28,82.22589111328125
2017-11-29,84.14852142333984
2017-11-30,84.78938293457031
2017-12-01,85.00840759277344
2017-12-04,86.7606430053711
2017-12-05,85.76283264160156
2017-12-06,85.12200164794922
2017-12-07,84.8705062866211
2017-12-08,85.93321990966797
2017-12-11,85.68172454833984
2017-12-12,86.67953491210938
2017-12-13,85.59249877929688
2017-12-14,84.90296173095703
2017-12-15,86.10356140136719
2017-12-18,86.76876831054688
2017-12-19,86.40373992919922
2017-12-20,86.10356140136719
2017-12-21,87.47455596923828
2017-12-22,87.16625213623047
2017-12-26,86.81742858886719
2017-12-27,86.97969055175781
2017-12-28,87.44207000732422
2017-12-29,86.7525405883789
2018-01-02,87.57188415527344
2018-01-03,87.66111755371094
2018-01-04,88.91690826416016
2018-01-05,88.34609985351562
2018-01-08,88.4765853881836
2018-01-09,88.92508697509766
2018-01-10,89.90362548828125
2018-01-11,90.38471984863281
2018-01-12,91.87699890136719
2018-01-16,91.55083465576172
2018-01-17,92.13794708251953
2018-01-18,92.3581314086914
2018-01-19,92.15425872802734
2018-01-22,93.23065185546875
2018-01-23,93.1328125
2018-01-24,94.32334899902344
2018-01-25,94.34783172607422
2018-01-26,94.85340881347656
2018-01-29,94.75555419921875
2018-01-30,93.86670684814453
2018-01-31,94.32334899902344
2018-02-01,95.3019027709961
2018-02-02,93.18988037109375
2018-02-05,88.72120666503906
2018-02-06,91.42034912109375
2018-02-07,92.04010772705078
2018-02-08,87.97098541259766
2018-02-09,89.73236846923828
2018-02-12,91.11864471435547
2018-02-13,91.68130493164062
2018-02-14,93.801513671875
2018-02-15,94.19291687011719
2018-02-16,93.51606750488281
2018-02-20,93.54053497314453
2018-02-21,93.93193817138672
2018-02-22,93.76071166992188
2018-02-23,95.66069030761719
2018-02-26,96.85126495361328
2018-02-27,95.70148468017578
2018-02-28,94.18473052978516
2018-03-01,92.49674987792969
2018-03-02,92.40706634521484
2018-03-05,93.82593536376953
2018-03-06,93.90748596191406
2018-03-07,93.55683135986328
2018-03-08,93.56497955322266
2018-03-09,96.2560043334961
2018-03-12,95.94612121582031
2018-03-13,94.79631042480469
2018-03-14,93.73624420166016
2018-03-15,93.97270965576172
2018-03-16,94.1358413696289
2018-03-19,93.39374542236328
2018-03-20,93.48343658447266
2018-03-21,93.56497955322266
2018-03-22,89.65895080566406
2018-03-23,87.26155090332031
2018-03-26,89.95254516601562
2018-03-27,88.20748138427734
2018-03-28,88.06884002685547
2018-03-29,89.67528533935547
2018-04-02,87.94651794433594
2018-04-03,89.15338134765625
2018-04-04,90.50704956054688
2018-04-05,91.69546508789062
2018-04-06,89.40877532958984
2018-04-09,90.48247528076172
2018-04-10,92.2117919921875
2018-04-11,90.66277313232422
2018-04-12,92.9166259765625
2018-04-13,90.40050506591797
2018-04-16,90.32676696777344
2018-04-17,90.32676696777344
2018-04-18,89.59729766845703
2018-04-19,91.5643310546875
2018-04-20,91.35942840576172
2018-04-23,90.91686248779297
2018-04-24,90.49065399169922
2018-04-25,90.14640808105469
2018-04-26,90.23655700683594
2018-04-27,89.6628646850586
2018-04-30,89.15471649169922
2018-05-01,89.15471649169922
2018-05-02,88.44988250732422
2018-05-03,87.8925552368164
2018-05-04,88.86786651611328
2018-05-07,89.63829803466797
2018-05-08,90.96601104736328
2018-05-09,92.94942474365234
2018-05-10,93.67063903808594
2018-05-11,93.31822204589844
2018-05-14,93.35104370117188
2018-05-15,92.6379623413086
2018-05-16,92.89201354980469
2018-05-17,92.58061218261719
2018-05-18,91.08076477050781
2018-05-21,91.91674041748047
2018-05-22,92.62158203125
2018-05-23,92.19539642333984
2018-05-24,91.16270446777344
2018-05-25,90.695556640625
2018-05-29,86.81892395019531
2018-05-30,88.80231475830078
2018-05-31,87.70406341552734
2018-06-01,88.8432846069336
2018-06-04,88.8842544555664
2018-06-05,88.38430786132812
2018-06-06,90.4496841430664
2018-06-07,90.81029510498047
2018-06-08,91.06437683105469
2018-06-11,90.83487701416016
2018-06-12,90.31034088134766
2018-06-13,90.13004302978516
2018-06-14,88.54002380371094
2018-06-15,88.43348693847656
2018-06-18,88.6629867553711
2018-06-19,88.14663696289062
2018-06-20,88.13843536376953
2018-06-21,88.11384582519531
2018-06-22,86.67137908935547
2018-06-25,85.88457489013672
2018-06-26,85.94194793701172
2018-06-27,84.61420440673828
2018-06-28,85.99932861328125
2018-06-29,85.4010238647461
2018-07-02,86.12226867675781
2018-07-03,84.91744995117188
2018-07-05,85.46956634521484
2018-07-06,85.74974060058594
2018-07-09,88.40312957763672
2018-07-10,87.85929870605469
2018-07-11,87.66976928710938
2018-07-12,88.04881286621094
2018-07-13,87.64503479003906
2018-07-16,91.12248992919922
2018-07-17,91.05654907226562
2018-07-18,91.90533447265625
2018-07-19,90.55391693115234
2018-07-20,91.6993408203125
2018-07-23,93.40508270263672
2018-07-24,94.0643081665039
2018-07-25,94.91309356689453
2018-07-26,94.64115142822266
2018-07-27,95.61353302001953
2018-07-30,96.19034576416016
2018-07-31,94.72355651855469
2018-08-01,95.30863189697266
2018-08-02,95.71240997314453
2018-08-03,96.48701477050781
2018-08-06,96.51172637939453
2018-08-07,96.86605072021484
2018-08-08,97.0638427734375
2018-08-09,96.31396484375
2018-08-10,95.36631774902344
2018-08-13,93.85006713867188
2018-08-14,94.47635650634766
2018-08-15,93.6934814453125
2018-08-16,94.57522583007812
2018-08-17,94.57522583007812
2018-08-20,94.45161437988281
2018-08-21,95.02843475341797
2018-08-22,94.74003601074219
2018-08-23,94.54226684570312
2018-08-24,94.50106811523438
2018-08-27,96.17387390136719
2018-08-28,95.70414733886719
2018-08-29,95.39102935791016
2018-08-30,94.92131805419922
2018-08-31,94.41864776611328
2018-09-04,94.88835144042969
2018-09-05,94.4268798828125
2018-09-06,94.02310180664062
2018-09-07,94.20438385009766
2018-09-10,93.70174407958984
2018-09-11,94.29505920410156
2018-09-12,93.1825942993164
2018-09-13,93.54517364501953
2018-09-14,93.5286865234375
2018-09-17,93.80886840820312
2018-09-18,94.18791198730469
2018-09-19,96.92374420166016
2018-09-20,97.75604248046875
2018-09-21,97.11327362060547
2018-09-24,96.18212127685547
2018-09-25,95.91016387939453
2018-09-26,94.78121948242188
2018-09-27,94.36921691894531
2018-09-28,92.98482513427734
2018-10-01,93.5286865234375
2018-10-02,93.9159927368164
2018-10-03,94.79771423339844
2018-10-04,95.65241241455078
2018-10-05,95.11305236816406
2018-10-08,95.69392395019531
2018-10-09,95.03006744384766
2018-10-10,92.49913024902344
2018-10-11,89.72756958007812
2018-10-12,88.74837493896484
2018-10-15,88.24217224121094
2018-10-16,90.1341781616211
2018-10-17,91.13823699951172
2018-10-18,89.69436645507812
2018-10-19,89.54501342773438
2018-10-22,88.2587890625
2018-10-23,87.33771514892578
2018-10-24,85.71127319335938
2018-10-25,87.01406860351562
2018-10-26,85.81913757324219
2018-10-29,87.00578308105469
2018-10-30,88.54093933105469
2018-10-31,90.46611022949219
2018-11-01,90.43290710449219
2018-11-02,89.93502044677734
2018-11-05,90.52417755126953
2018-11-06,90.94739532470703
2018-11-07,92.50741577148438
2018-11-08,93.2542495727539
2018-11-09,92.3497543334961
2018-11-12,90.40798950195312
2018-11-13,90.93909454345703
2018-11-14,89.063720703125
2018-11-15,91.33740234375
2018-11-16,91.27100372314453
2018-11-19,91.96805572509766
2018-11-20,89.99309539794922
2018-11-21,89.32093811035156
2018-11-23,88.49943542480469
2018-11-26,90.66525268554688
2018-11-27,91.0469741821289
2018-11-28,92.05933380126953
2018-11-29,91.32909393310547
2018-11-30,92.26679992675781
2018-12-03,93.13809204101562
2018-12-04,88.98074340820312
2018-12-06,87.28791046142578
2018-12-07,85.71127319335938
2018-12-10,84.10973358154297
2018-12-11,83.28822326660156
2018-12-12,83.82760620117188
2018-12-13,83.91058349609375
2018-12-14,83.22183990478516
2018-12-17,82.15968322753906
2018-12-18,81.76966094970703
2018-12-19,80.73241424560547
2018-12-20,80.03538513183594
2018-12-21,78.14339447021484
2018-12-24,76.45887756347656
2018-12-26,79.62874603271484
2018-12-27,80.52497100830078
2018-12-28,80.3507080078125
2018-12-31,81.00625610351562
2019-01-02,82.40863037109375
2019-01-03,81.23745727539062
2019-01-04,84.23230743408203
2019-01-07,84.2908706665039
2019-01-08,84.13191223144531
2019-01-09,83.98968505859375
2019-01-10,83.9813232421875
2019-01-11,83.57978820800781
2019-01-14,84.44145202636719
2019-01-15,85.06049346923828
2019-01-16,85.7464599609375
2019-01-17,86.0978012084961
2019-01-18,87.4948501586914
2019-01-22,86.11454772949219
2019-01-23,85.89703369140625
2019-01-24,85.94723510742188
2019-01-25,86.4909896850586
2019-01-28,86.9009017944336
2019-01-29,87.14350128173828
2019-01-30,87.34427642822266
2019-01-31,86.58302307128906
2019-02-01,86.9009017944336
2019-02-04,87.21043395996094
2019-02-05,86.82559967041016
2019-02-06,86.78378295898438
2019-02-07,85.64606475830078
2019-02-08,84.79278564453125
2019-02-11,84.39122772216797
2019-02-12,85.83011627197266
2019-02-13,86.24002838134766
2019-02-14,85.67955017089844
2019-02-15,88.29792022705078
2019-02-19,87.98843383789062
2019-02-20,88.41505432128906
2019-02-21,88.23099517822266
2019-02-22,87.83783721923828
2019-02-25,88.7580337524414
2019-02-26,88.08042907714844
2019-02-27,87.97168731689453
2019-02-28,87.30244445800781
2019-03-01,87.36100769042969
2019-03-04,87.16023254394531
2019-03-05,87.09332275390625
2019-03-06,86.76704406738281
2019-03-07,86.1396484375
2019-03-08,86.17308807373047
2019-03-11,87.2940673828125
2019-03-12,87.03473663330078
2019-03-13,87.3275375366211
2019-03-14,88.12224578857422
2019-03-15,89.1344985961914
2019-03-18,89.66989135742188
2019-03-19,89.34362030029297
2019-03-20,87.436279296875
2019-03-21,86.05599975585938
2019-03-22,83.45430755615234
2019-03-25,82.75997924804688
2019-03-26,83.58815002441406
2019-03-27,83.30372619628906
2019-03-28,84.24900817871094
2019-03-29,84.68402862548828
2019-04-01,87.53665924072266
2019-04-02,87.95497131347656
2019-04-03,88.13063049316406
2019-04-04,88.9820327758789
2019-04-05,88.77127075195312
2019-04-08,89.05786895751953
2019-04-09,88.40036010742188
2019-04-10,88.79654693603516
2019-04-11,89.54679870605469
2019-04-12,93.74470520019531
2019-04-15,92.67414093017578
2019-04-16,93.65196228027344
2019-04-17,96.34940338134766
2019-04-18,95.64131927490234
2019-04-22,95.75933837890625
2019-04-23,95.87737274169922
2019-04-24,95.71720886230469
2019-04-25,95.76779174804688
2019-04-26,96.49270629882812
2019-04-29,97.8835678100586
2019-04-30,97.82456970214844
2019-05-01,97.07434844970703
2019-05-02,97.28507232666016
2019-05-03,97.8835678100586
2019-05-06,97.01533508300781
2019-05-07,95.43058776855469
2019-05-08,94.9248275756836
2019-05-09,94.84893798828125
2019-05-10,94.84052276611328
2019-05-13,92.26107788085938
2019-05-14,92.99446105957031
2019-05-15,92.64042663574219
2019-05-16,93.82898712158203
2019-05-17,93.373779296875
2019-05-20,93.86271667480469
2019-05-21,94.1830062866211
2019-05-22,93.41593170166016
2019-05-23,91.57832336425781
2019-05-24,92.48027038574219
2019-05-28,91.47713470458984
2019-05-29,91.2242660522461
2019-05-30,90.24642944335938
2019-05-31,89.31917572021484
2019-06-03,89.74066162109375
2019-06-04,92.50556182861328
2019-06-05,92.83432006835938
2019-06-06,93.03661346435547
2019-06-07,92.01666259765625
2019-06-10,93.01130676269531
2019-06-11,93.29792785644531
2019-06-12,92.10935974121094
2019-06-13,92.33695220947266
2019-06-14,92.572998046875
2019-06-17,92.06722259521484
2019-06-18,93.32321166992188
2019-06-19,92.64884185791016
2019-06-20,92.88488006591797
2019-06-21,92.2526626586914
2019-06-24,91.59516906738281
2019-06-25,90.83649444580078
2019-06-26,91.44344329833984
2019-06-27,91.74687957763672
2019-06-28,94.24202728271484
2019-07-01,95.82678985595703
2019-07-02,95.92792510986328
2019-07-03,95.77513122558594
2019-07-05,96.34391021728516
2019-07-08,95.8176040649414
2019-07-09,96.22504425048828
2019-07-10,95.94491577148438
2019-07-11,96.86175537109375
2019-07-12,97.88045501708984
2019-07-15,96.69194793701172
2019-07-16,97.72766876220703
2019-07-17,96.76835632324219
2019-07-18,97.34561920166016
2019-07-19,96.38636016845703
2019-07-22,97.00607299804688
2019-07-23,98.7802963256836
2019-07-24,99.17930603027344
2019-07-25,98.22850036621094
2019-07-26,98.6614761352539
2019-07-29,98.34735870361328
2019-07-30,98.12662506103516
2019-07-31,98.4747085571289
2019-08-01,95.87701416015625
2019-08-02,95.86849975585938
2019-08-05,93.01615142822266
2019-08-06,93.74620056152344
2019-08-07,91.70880889892578
2019-08-08,93.26233673095703
2019-08-09,93.16044616699219
2019-08-12,91.41167449951172
2019-08-13,92.82088470458984
2019-08-14,88.96678161621094
2019-08-15,89.30636596679688
2019-08-16,91.44564819335938
2019-08-19,92.26908874511719
2019-08-20,91.09758758544922
2019-08-21,91.3522720336914
2019-08-22,92.29457092285156
2019-08-23,90.00248718261719
2019-08-26,90.72403717041016
2019-08-27,89.7647933959961
2019-08-28,90.66462707519531
2019-08-29,92.71900939941406
2019-08-30,93.26233673095703
2019-09-03,92.15872192382812
2019-09-04,93.27082061767578
2019-09-05,95.39311218261719
2019-09-06,95.59686279296875
2019-09-09,97.96533203125
2019-09-10,99.2132568359375
2019-09-11,99.48491668701172
2019-09-12,100.09614562988281
2019-09-13,102.06564331054688
2019-09-16,101.15728759765625
2019-09-17,100.65641784667969
2019-09-18,101.66663360595703
2019-09-19,101.34405517578125
2019-09-20,100.93658447265625
2019-09-23,100.9195785522461
2019-09-24,99.60375213623047
2019-09-25,100.17253112792969
2019-09-26,99.34909057617188
2019-09-27,99.9348373413086
2019-09-30,99.90938568115234
2019-10-01,98.09268188476562
2019-10-02,96.14016723632812
2019-10-03,96.00325012207031
2019-10-04,98.08265686035156
2019-10-07,97.86871337890625
2019-10-08,95.6866226196289
2019-10-09,96.37976837158203
2019-10-10,97.73180389404297
2019-10-11,99.38333129882812
2019-10-14,99.64862823486328
2019-10-15,102.65219116210938
2019-10-16,102.41260528564453
2019-10-17,102.98590850830078
2019-10-18,103.1656265258789
2019-10-21,105.72425079345703
2019-10-22,106.78533172607422
2019-10-23,107.06771087646484
2019-10-24,106.9906997680664
2019-10-25,107.84642791748047
2019-10-28,108.25718688964844
2019-10-29,108.18871307373047
2019-10-30,107.5896987915039
2019-10-31,106.89657592773438
2019-11-01,109.36105346679688
2019-11-04,110.23387145996094
2019-11-05,110.47347259521484
2019-11-06,110.6446304321289
2019-11-07,111.24360656738281
2019-11-08,111.56881713867188
2019-11-11,111.17515563964844
2019-11-12,110.52481079101562
2019-11-13,109.94292449951172
2019-11-14,110.04561614990234
2019-11-15,110.8414535522461
2019-11-18,111.77418518066406
2019-11-19,111.73994445800781
2019-11-20,110.92701721191406
2019-11-21,111.1837158203125
2019-11-22,111.91963195800781
2019-11-25,112.5186538696289
2019-11-26,112.67266082763672
2019-11-27,113.00641632080078
2019-11-29,112.74970245361328
2019-12-02,112.50155639648438
2019-12-03,111.05536651611328
2019-12-04,113.24601745605469
2019-12-05,113.86214447021484
2019-12-06,115.55644989013672
2019-12-09,115.0173568725586
2019-12-10,115.09437561035156
2019-12-11,114.82054901123047
2019-12-12,118.10650634765625
2019-12-13,117.07109069824219
2019-12-16,117.52460479736328
2019-12-17,118.24339294433594
2019-12-18,118.12359619140625
2019-12-19,117.53316497802734
2019-12-20,117.43904113769531
2019-12-23,117.40480041503906
2019-12-24,117.72998809814453
2019-12-26,118.97932434082031
2019-12-27,119.06491088867188
2019-12-30,118.62850189208984
2019-12-31,119.28736877441406
2020-01-02,120.7335433959961
2020-01-03,119.14029693603516
2020-01-06,119.04557037353516
2020-01-07,117.02171325683594
2020-01-08,117.93462371826172
2020-01-09,118.3652114868164
2020-01-10,117.18537139892578
2020-01-13,118.15853881835938
2020-01-14,119.5364990234375
2020-01-15,117.74517822265625
2020-01-16,118.20159149169922
2020-01-17,119.01972961425781
2020-01-21,117.8485107421875
2020-01-22,117.71070098876953
2020-01-23,117.59013366699219
2020-01-24,114.67062377929688
2020-01-27,113.7060546875
2020-01-28,115.77296447753906
2020-01-29,115.60072326660156
2020-01-30,117.03034210205078
2020-01-31,113.990234375
2020-02-03,114.86009216308594
2020-02-04,116.51358795166016
2020-02-05,118.49440002441406
2020-02-06,118.5116195678711
2020-02-07,118.13268280029297
2020-02-10,118.62358856201172
2020-02-11,118.8475112915039
2020-02-12,118.8475112915039
2020-02-13,118.74417877197266
2020-02-14,118.38245391845703
2020-02-18,116.8150634765625
2020-02-19,118.40829467773438
2020-02-20,118.40829467773438
2020-02-21,116.9614486694336
2020-02-24,113.8180160522461
2020-02-25,108.73684692382812
2020-02-26,109.06411743164062
2020-02-27,104.52552795410156
2020-02-28,99.99552154541016
2020-03-02,104.65470123291016
2020-03-03,100.72757720947266
2020-03-04,103.21646881103516
2020-03-05,98.15255737304688
2020-03-06,93.07998657226562
2020-03-09,80.47181701660156
2020-03-10,86.7242431640625
2020-03-11,82.64207458496094
2020-03-12,75.82987213134766
2020-03-13,89.48873901367188
2020-03-16,76.09686279296875
2020-03-17,80.74740600585938
2020-03-18,72.2472152709961
2020-03-19,73.46153259277344
2020-03-20,71.9113540649414
2020-03-23,68.06172943115234
2020-03-24,76.15713500976562
2020-03-25,78.9991455078125
2020-03-26,84.50230407714844
2020-03-27,78.48240661621094
2020-03-30,80.52349853515625
2020-03-31,77.53507995605469
2020-04-01,72.65199279785156
2020-04-02,75.36481475830078
2020-04-03,73.13720703125
2020-04-06,77.84478759765625
2020-04-07,78.87158966064453
2020-04-08,82.0563735961914
2020-04-09,89.41796112060547
2020-04-13,85.44132232666016
2020-04-14,83.1005630493164
2020-04-15,79.0020980834961
2020-04-16,75.9913330078125
2020-04-17,82.8221206665039
2020-04-20,79.80265045166016
2020-04-21,77.48802185058594
2020-04-22,77.74036407470703
2020-04-23,77.78387451171875
2020-04-24,78.93247985839844
2020-04-27,82.33482360839844
2020-04-28,82.91783905029297
2020-04-29,85.15415954589844
2020-04-30,83.32682037353516
2020-05-01,81.1427001953125
2020-05-04,80.17682647705078
2020-05-05,80.05501556396484
2020-05-06,78.54961395263672
2020-05-07,79.36756134033203
2020-05-08,80.66411590576172
2020-05-11,78.28856658935547
2020-05-12,75.73028564453125
2020-05-13,73.11979675292969
2020-05-14,76.15666961669922
2020-05-15,74.74701690673828
2020-05-18,78.70623779296875
2020-05-19,77.15735626220703
2020-05-20,79.47200012207031
2020-05-21,78.46259307861328
2020-05-22,77.85350036621094
2020-05-26,83.37902069091797
2020-05-27,88.20842742919922
2020-05-28,86.89450073242188
2020-05-29,84.6755599975586
2020-06-01,85.79808044433594
2020-06-02,86.08522033691406
2020-06-03,90.7319107055664
2020-06-04,92.6201400756836
2020-06-05,96.78823852539062
2020-06-08,98.72001647949219
2020-06-09,96.18780517578125
2020-06-10,92.28949737548828
2020-06-11,84.58855438232422
2020-06-12,86.9031982421875
2020-06-15,88.10400390625
2020-06-16,88.80882263183594
2020-06-17,86.56381225585938
2020-06-18,86.09394073486328
2020-06-19,85.11064910888672
2020-06-22,84.18827056884766
2020-06-23,85.21507263183594
2020-06-24,82.36963653564453
2020-06-25,85.24116516113281
2020-06-26,80.56840515136719
2020-06-29,80.92515563964844
2020-06-30,81.84752655029297
2020-07-01,81.15142059326172
2020-07-02,81.41499328613281
2020-07-06,83.47101593017578
2020-07-07,81.11626434326172
2020-07-08,81.97732543945312
2020-07-09,80.20246887207031
2020-07-10,84.58690643310547
2020-07-13,85.7994155883789
2020-07-14,86.29145812988281
2020-07-15,87.62702941894531
2020-07-16,87.87303161621094
2020-07-17,86.2475357055664
2020-07-20,85.49191284179688
2020-07-21,87.34585571289062
2020-07-22,86.71321105957031
2020-07-23,86.968017578125
2020-07-24,86.35298156738281
2020-07-27,85.14044189453125
2020-07-28,85.50947570800781
2020-07-29,87.58307647705078
2020-07-30,85.24589538574219
2020-07-31,84.9119873046875
2020-08-03,84.43753051757812
2020-08-04,83.95429229736328
2020-08-05,85.41282653808594
2020-08-06,85.4391860961914
2020-08-07,87.31946563720703
2020-08-10,88.42656707763672
2020-08-11,91.22064208984375
2020-08-12,90.44744873046875
2020-08-13,89.94661712646484
2020-08-14,89.98177337646484
2020-08-17,87.60942077636719
2020-08-18,86.38811492919922
2020-08-19,86.59020233154297
2020-08-20,85.55340576171875
2020-08-21,85.50947570800781
2020-08-24,87.91694641113281
2020-08-25,88.3035659790039
2020-08-26,87.06465911865234
2020-08-27,89.92902374267578
2020-08-28,90.2980728149414
2020-08-31,88.03116607666016
2020-09-01,87.98724365234375
2020-09-02,89.3139877319336
2020-09-03,89.03282165527344
2020-09-04,90.9570541381836
2020-09-08,87.79393768310547
2020-09-09,88.62865447998047
2020-09-10,87.7148666381836
2020-09-11,88.80438995361328
2020-09-14,90.03446960449219
2020-09-15,87.23162078857422
2020-09-16,87.60063934326172
2020-09-17,86.59899139404297
2020-09-18,86.41445922851562
2020-09-21,83.74340057373047
2020-09-22,82.8296127319336
2020-09-23,81.48529815673828
2020-09-24,81.41499328613281
2020-09-25,82.12669372558594
2020-09-28,84.49026489257812
2020-09-29,83.77854919433594
2020-09-30,84.58690643310547
2020-10-01,85.20194244384766
2020-10-02,86.01030731201172
2020-10-05,87.8282241821289
2020-10-06,86.92369842529297
2020-10-07,88.44013977050781
2020-10-08,90.2580337524414
2020-10-09,89.74369049072266
2020-10-12,90.84335327148438
2020-10-13,89.37124633789062
2020-10-14,88.87464141845703
2020-10-15,90.20484161376953
2020-10-16,90.01862335205078
2020-10-19,88.50218963623047
2020-10-20,89.00768280029297
2020-10-21,88.12086486816406
2020-10-22,91.23353576660156
2020-10-23,92.05823516845703
2020-10-26,89.77919006347656
2020-10-27,88.08539581298828
2020-10-28,85.61123657226562
2020-10-29,86.169921875
2020-10-30,86.94143676757812
2020-11-02,88.90123748779297
2020-11-03,91.70353698730469
2020-11-04,88.90123748779297
2020-11-05,92.53711700439453
2020-11-06,91.30447387695312
2020-11-09,103.66639709472656
2020-11-10,103.32942199707031
2020-11-11,101.78639221191406
2020-11-12,100.53601837158203
2020-11-13,101.16564178466797
2020-11-16,104.02112579345703
2020-11-17,102.96583557128906
2020-11-18,102.20319366455078
2020-11-19,102.47808837890625
2020-11-20,101.60017395019531
2020-11-23,104.52660369873047
2020-11-24,109.359619140625
2020-11-25,108.21566009521484
2020-11-27,107.49736785888672
2020-11-30,104.53545379638672
2020-12-01,106.18488311767578
2020-12-02,108.22453308105469
2020-12-03,107.51508331298828
2020-12-04,108.49056243896484
2020-12-07,108.08263397216797
2020-12-08,108.18905639648438
2020-12-09,107.34660339355469
2020-12-10,106.6549072265625
2020-12-11,106.02528381347656
2020-12-14,104.90791320800781
2020-12-15,106.69923400878906
2020-12-16,107.00962829589844
2020-12-17,106.1228256225586
2020-12-18,105.5996322631836
2020-12-21,109.5635757446289
2020-12-22,107.89640808105469
2020-12-23,110.9115219116211
2020-12-24,110.42375183105469
2020-12-28,111.15095520019531
2020-12-29,110.85831451416016
2020-12-30,111.16869354248047
2020-12-31,112.68510437011719
2021-01-04,111.62094116210938
2021-01-05,112.22831726074219
2021-01-06,117.49809265136719
2021-01-07,121.35662078857422
2021-01-08,121.49063110351562
2021-01-11,123.30374908447266
2021-01-12,125.24199676513672
2021-01-13,125.35808563232422
2021-01-14,126.09050750732422
2021-01-15,123.83076477050781
2021-01-19,123.29485321044922
2021-01-20,121.44597625732422
2021-01-21,120.42772674560547
2021-01-22,119.49882507324219
2021-01-25,118.0072021484375
2021-01-26,117.52488708496094
2021-01-27,114.2022705078125
2021-01-28,116.21190643310547
2021-01-29,114.92572784423828
2021-02-01,115.77424621582031
2021-02-02,119.33806610107422
2021-02-03,120.70460510253906
2021-02-04,123.482421875
2021-02-05,123.2412338256836
2021-02-08,125.17054748535156
2021-02-09,124.67032623291016
2021-02-10,124.74179077148438
2021-02-11,124.39347839355469
2021-02-12,126.16197967529297
2021-02-16,129.19879150390625
2021-02-17,129.60072326660156
2021-02-18,130.0383758544922
2021-02-19,132.20880126953125
2021-02-22,133.45033264160156
2021-02-23,134.5221405029297
2021-02-24,136.88906860351562
2021-02-25,135.03125
2021-02-26,131.4495849609375
2021-03-01,134.4239044189453
2021-03-02,133.9862518310547
2021-03-03,136.57647705078125
2021-03-04,134.4774932861328
2021-03-05,134.79013061523438
2021-03-08,136.57647705078125
2021-03-09,135.61181640625
2021-03-10,138.55934143066406
2021-03-11,137.83584594726562
2021-03-12,139.47039794921875
2021-03-15,138.773681640625
2021-03-16,137.11233520507812
2021-03-17,138.5236053466797
2021-03-18,140.8101043701172
2021-03-19,138.56822204589844
2021-03-22,134.84368896484375
2021-03-23,133.4949951171875
2021-03-24,134.53106689453125
2021-03-25,136.25491333007812
2021-03-26,138.5236053466797
2021-03-29,136.3710174560547
2021-03-30,137.97872924804688
2021-03-31,135.96910095214844
2021-04-01,137.29103088378906
2021-04-05,138.01873779296875
2021-04-06,137.04843139648438
2021-04-07,139.19569396972656
2021-04-08,139.36642456054688
2021-04-09,140.40863037109375
2021-04-12,140.1121063232422
2021-04-13,138.44097900390625
2021-04-14,135.85350036621094
2021-04-15,136.7159881591797
2021-04-16,137.73123168945312
2021-04-19,137.14723205566406
2021-04-20,134.1105499267578
2021-04-21,135.25152587890625
2021-04-22,132.4034881591797
2021-04-23,134.9370880126953
2021-04-26,135.26953125
2021-04-27,135.88941955566406
2021-04-28,136.76992797851562
2021-04-29,139.4293212890625
2021-04-30,138.189453125
2021-05-03,137.78517150878906
2021-05-04,139.68984985351562
2021-05-05,141.52267456054688
2021-05-06,144.3707733154297
2021-05-07,144.8649139404297
2021-05-10,144.846923828125
2021-05-11,142.43907165527344
2021-05-12,141.4597625732422
2021-05-13,145.0984649658203
2021-05-14,147.35357666015625
2021-05-17,147.94654846191406
2021-05-18,145.86215209960938
2021-05-19,144.74806213378906
2021-05-20,144.49652099609375
2021-05-21,146.14068603515625
2021-05-24,146.93130493164062
2021-05-25,145.41293334960938
2021-05-26,145.3949432373047
2021-05-27,147.6590576171875
2021-05-28,147.5602264404297
2021-06-01,149.1864013671875
2021-06-02,149.1953582763672
2021-06-03,149.294189453125
2021-06-04,149.53677368164062
2021-06-07,148.8360137939453
2021-06-08,148.2430419921875
2021-06-09,146.3922576904297
2021-06-10,144.1102294921875
2021-06-11,144.0113525390625
2021-06-14,141.567626953125
2021-06-15,139.42030334472656
2021-06-16,140.39962768554688
2021-06-17,136.34762573242188
2021-06-18,132.89759826660156
2021-06-21,135.1527099609375
2021-06-22,134.95506286621094
2021-06-23,135.7726287841797
2021-06-24,137.02145385742188
2021-06-25,138.4050750732422
2021-06-28,138.65663146972656
2021-06-29,138.48593139648438
2021-06-30,139.74375915527344
2021-07-01,141.12738037109375
2021-07-02,140.99183654785156
2021-07-06,138.6243438720703
2021-07-07,138.78700256347656
2021-07-08,136.39236450195312
2021-07-09,140.7568817138672
2021-07-12,142.77197265625
2021-07-13,140.6484375
2021-07-14,140.16952514648438
2021-07-15,140.47674560546875
2021-07-16,137.26890563964844
2021-07-19,132.8050537109375
2021-07-20,135.2809295654297
2021-07-21,138.12734985351562
2021-07-22,136.3833465576172
2021-07-23,136.12130737304688
2021-07-26,137.033935546875
2021-07-27,136.85325622558594
2021-07-28,137.0791473388672
2021-07-29,138.25384521484375
2021-07-30,137.15142822265625
2021-08-02,136.60020446777344
2021-08-03,138.15444946289062
2021-08-04,136.6634979248047
2021-08-05,138.389404296875
2021-08-06,142.32009887695312
2021-08-09,142.16651916503906
2021-08-10,143.91049194335938
2021-08-11,145.6273651123047
2021-08-12,146.19668579101562
2021-08-13,144.56114196777344
2021-08-16,143.6123046875
2021-08-17,141.87738037109375
2021-08-18,140.58517456054688
2021-08-19,139.41046142578125
2021-08-20,139.80807495117188
2021-08-23,141.59722900390625
2021-08-24,142.47378540039062
2021-08-25,145.4105224609375
2021-08-26,146.1605224609375
2021-08-27,147.3352508544922
2021-08-30,144.97677612304688
2021-08-31,144.53399658203125
2021-09-01,144.32614135742188
2021-09-02,144.99485778808594
2021-09-03,144.11839294433594
2021-09-07,143.86532592773438
2021-09-08,143.22377014160156
2021-09-09,143.8472442626953
2021-09-10,142.19363403320312
2021-09-13,144.4526824951172
2021-09-14,141.9315643310547
2021-09-15,142.91651916503906
2021-09-16,142.853271484375
2021-09-17,142.4827880859375
2021-09-20,138.21771240234375
2021-09-21,138.23577880859375
2021-09-22,140.8833770751953
2021-09-23,145.6454620361328
2021-09-24,147.326171875
2021-09-27,150.88644409179688
2021-09-28,150.07318115234375
2021-09-29,149.9557342529297
2021-09-30,147.91354370117188
2021-10-01,151.0220184326172
2021-10-04,150.85934448242188
2021-10-05,153.32290649414062
2021-10-06,153.65020751953125
2021-10-07,154.6228485107422
2021-10-08,154.7410430908203
2021-10-11,151.48660278320312
2021-10-12,150.322998046875
2021-10-13,146.35946655273438
2021-10-14,148.60488891601562
2021-10-15,151.4593505859375
2021-10-18,151.40478515625
2021-10-19,153.24111938476562
2021-10-20,155.30467224121094
2021-10-21,154.0865020751953
2021-10-22,156.15921020507812
2021-10-25,155.39556884765625
2021-10-26,155.81373596191406
2021-10-27,152.56837463378906
2021-10-28,154.86831665039062
2021-10-29,154.44105529785156
2021-11-01,154.35923767089844
2021-11-02,154.96835327148438
2021-11-03,155.02285766601562
2021-11-04,152.986572265625
2021-11-05,152.7683868408203
2021-11-08,153.68653869628906
2021-11-09,152.5229034423828
2021-11-10,152.3774871826172
2021-11-11,152.36839294433594
2021-11-12,151.68658447265625
2021-11-15,151.41387939453125
2021-11-16,150.322998046875
2021-11-17,149.51393127441406
2021-11-18,148.22308349609375
2021-11-19,146.28672790527344
2021-11-22,149.40484619140625
2021-11-23,152.97744750976562
2021-11-24,151.77749633789062
2021-11-26,147.20484924316406
2021-11-29,146.56854248046875
2021-11-30,144.38682556152344
2021-12-01,143.5322723388672
2021-12-02,146.55038452148438
2021-12-03,143.89590454101562
2021-12-06,145.59585571289062
2021-12-07,147.78672790527344
2021-12-08,146.0958251953125
2021-12-09,145.86859130859375
2021-12-10,145.28677368164062
2021-12-13,143.5595703125
2021-12-14,144.65953063964844
2021-12-15,143.57772827148438
2021-12-16,145.82310485839844
2021-12-17,142.5050048828125
2021-12-20,139.94146728515625
2021-12-21,141.8959503173828
2021-12-22,142.45046997070312
2021-12-23,142.9595489501953
2021-12-27,143.77769470214844
2021-12-28,144.21408081054688
2021-12-29,144.1413116455078
2021-12-30,144.06863403320312
2021-12-31,143.95046997070312
2022-01-03,146.99581909179688
2022-01-04,152.56837463378906
2022-01-05,149.77911376953125
2022-01-06,151.37039184570312
2022-01-07,152.87017822265625
2022-01-10,153.01651000976562
2022-01-11,153.17193603515625
2022-01-12,154.04074096679688
2022-01-13,153.84869384765625
2022-01-14,144.3926239013672
2022-01-18,138.33856201171875
2022-01-19,136.19857788085938
2022-01-20,135.03717041015625
2022-01-21,132.67770385742188
2022-01-24,132.5587921142578
2022-01-25,134.00375366210938
2022-01-26,135.27491760253906
2022-01-27,132.88804626464844
2022-01-28,134.07687377929688
2022-01-31,135.89683532714844
2022-02-01,138.22879028320312
2022-02-02,137.12228393554688
2022-02-03,135.9882354736328
2022-02-04,139.5182647705078
2022-02-07,139.9846954345703
2022-02-08,142.61846923828125
2022-02-09,143.21292114257812
2022-02-10,142.61846923828125
2022-02-11,140.7620086669922
2022-02-14,139.4542694091797
2022-02-15,141.49363708496094
2022-02-16,141.7496795654297
2022-02-17,138.48487854003906
2022-02-18,139.13418579101562
2022-02-22,138.8872528076172
2022-02-23,135.97911071777344
2022-02-24,132.19300842285156
2022-02-25,135.32066345214844
2022-02-28,129.6781005859375
2022-03-01,124.78544616699219
2022-03-02,127.37351989746094
2022-03-03,126.46814727783203
2022-03-04,122.91068267822266
2022-03-07,118.16436767578125
2022-03-08,117.33216857910156
2022-03-09,122.03275299072266
2022-03-10,120.58783721923828
2022-03-11,117.87173461914062
2022-03-14,119.04229736328125
2022-03-15,121.15482330322266
2022-03-16,126.56875610351562
2022-03-17,128.1691436767578
2022-03-18,128.12342834472656
2022-03-21,127.71189880371094
2022-03-22,130.42796325683594
2022-03-23,127.8307876586914
2022-03-24,128.66299438476562
2022-03-25,129.78781127929688
2022-03-28,128.82760620117188
2022-03-29,129.111083984375
2022-03-30,128.5258026123047
2022-03-31,124.66657257080078
2022-04-01,123.7428970336914
2022-04-04,124.29161071777344
2022-04-05,122.84518432617188
2022-04-06,121.14080047607422
2022-04-07,120.77228546142578
2022-04-08,122.9833755493164
2022-04-11,122.53194427490234
2022-04-12,121.18684387207031
2022-04-13,117.28058624267578
2022-04-14,116.19343566894531
2022-04-18,118.34928131103516
2022-04-19,120.7999038696289
2022-04-20,121.22370147705078
2022-04-21,120.28398132324219
2022-04-22,116.82913970947266
2022-04-25,116.79228210449219
2022-04-26,113.33743286132812
2022-04-27,111.86337280273438
2022-04-28,113.63224792480469
2022-04-29,109.96550750732422
2022-05-02,110.9697265625
2022-05-03,113.3466567993164
2022-05-04,117.0963134765625
2022-05-05,114.1666030883789
2022-05-06,113.98235321044922
2022-05-09,112.26873779296875
2022-05-10,109.53250885009766
2022-05-11,108.84152221679688
2022-05-12,108.7493896484375
2022-05-13,109.71676635742188
2022-05-16,108.95209503173828
2022-05-17,112.56356811523438
2022-05-18,110.63805389404297
2022-05-19,108.9981460571289
2022-05-20,108.10450744628906
2022-05-23,114.79308319091797
2022-05-24,116.41455841064453
2022-05-25,117.22530364990234
2022-05-26,119.25215148925781
2022-05-27,120.93810272216797
2022-05-31,121.8225326538086
2022-06-01,119.68514251708984
2022-06-02,121.61064910888672
2022-06-03,119.91547393798828
2022-06-06,119.5193099975586
2022-06-07,119.83255767822266
2022-06-08,117.92548370361328
2022-06-09,115.44719696044922
2022-06-10,110.14056396484375
2022-06-13,106.86076354980469
2022-06-14,105.08264923095703
2022-06-15,106.32640075683594
2022-06-16,104.50223541259766
2022-06-17,104.13372039794922
2022-06-21,106.71334838867188
2022-06-22,106.114501953125
2022-06-23,104.95368194580078
2022-06-24,108.08609008789062
2022-06-27,107.22005462646484
2022-06-28,106.7041244506836
2022-06-29,106.22506713867188
2022-06-30,103.74678802490234
2022-07-01,105.07344055175781
2022-07-05,104.67379760742188
2022-07-06,103.99530029296875
2022-07-07,106.6256103515625
2022-07-08,106.29100799560547
2022-07-11,104.8968505859375
2022-07-12,104.99909210205078
2022-07-13,104.0138931274414
2022-07-14,100.37976837158203
2022-07-15,104.98049926757812
2022-07-18,103.90235900878906
2022-07-19,106.47691345214844
2022-07-20,106.45830535888672
2022-07-21,107.18328094482422
2022-07-22,106.66278839111328
2022-07-25,107.09033966064453
2022-07-26,105.4173355102539
2022-07-27,107.10891723632812
2022-07-28,106.70927429199219
2022-07-29,107.220458984375
2022-08-01,106.15159606933594
2022-08-02,104.4971923828125
2022-08-03,105.59393310546875
2022-08-04,104.43211364746094
2022-08-05,107.59224700927734
2022-08-08,106.28173065185547
2022-08-09,107.23904418945312
2022-08-10,110.03666687011719
2022-08-11,111.6631851196289
2022-08-12,113.51278686523438
2022-08-15,113.81948852539062
2022-08-16,114.90695190429688
2022-08-17,113.9403305053711
2022-08-18,113.05734252929688
2022-08-19,110.25973510742188
2022-08-22,108.43803405761719
2022-08-23,107.3691635131836
2022-08-24,107.6294174194336
2022-08-25,110.18537902832031
2022-08-26,106.57914733886719
2022-08-29,106.31889343261719
2022-08-30,106.33749389648438
2022-08-31,105.70547485351562
2022-09-01,106.43042755126953
2022-09-02,105.68687438964844
2022-09-06,105.7147445678711
2022-09-07,107.72236633300781
2022-09-08,110.23184204101562
2022-09-09,110.76163482666016
2022-09-12,112.07215118408203
2022-09-13,108.17778015136719
2022-09-14,107.92683410644531
2022-09-15,109.55335235595703
2022-09-16,108.81910705566406
2022-09-19,109.8228988647461
2022-09-20,107.65731048583984
2022-09-21,104.5529556274414
2022-09-22,103.36326599121094
2022-09-23,101.4393310546875
2022-09-26,99.255126953125
2022-09-27,98.38146209716797
2022-09-28,100.37046813964844
2022-09-29,98.66958618164062
2022-09-30,97.12672424316406
2022-10-03,100.12881469726562
2022-10-04,104.81320190429688
2022-10-05,103.51908874511719
2022-10-06,101.40914154052734
2022-10-07,99.38359069824219
2022-10-10,98.4552001953125
2022-10-11,95.61380004882812
2022-10-12,97.16110229492188
2022-10-13,102.56258392333984
2022-10-14,104.2693099975586
2022-10-17,108.64862823486328
2022-10-18,111.44314575195312
2022-10-19,109.25819396972656
2022-10-20,108.9018325805664
2022-10-21,114.62215423583984
2022-10-24,114.76280975341797
2022-10-25,115.06289672851562
2022-10-26,116.38513946533203
2022-10-27,116.84463500976562
2022-10-28,118.23251342773438
2022-10-31,118.04496765136719
2022-11-01,120.17366790771484
2022-11-02,119.06712341308594
2022-11-03,119.28280639648438
2022-11-04,122.54620361328125
2022-11-07,123.1932601928711
2022-11-08,123.26828002929688
2022-11-09,121.66472625732422
2022-11-10,126.67235565185547
2022-11-11,126.878662109375
2022-11-14,125.5751724243164
2022-11-15,124.66552734375
2022-11-16,124.83433532714844
2022-11-17,124.29044342041016
2022-11-18,125.50952911376953
2022-11-21,124.76868438720703
2022-11-22,126.63480377197266
2022-11-23,127.98519897460938
2022-11-25,128.22903442382812
2022-11-28,125.98780059814453
2022-11-29,128.06021118164062
2022-11-30,129.57937622070312
2022-12-01,127.76014709472656
2022-12-02,126.74738311767578
2022-12-05,123.1932601928711
2022-12-06,123.39956665039062
2022-12-07,123.31517028808594
2022-12-08,124.6092529296875
2022-12-09,123.93408966064453
2022-12-12,125.85652160644531
2022-12-13,125.73458099365234
2022-12-14,125.10629272460938
2022-12-15,122.0023193359375
2022-12-16,121.24274444580078
2022-12-19,121.96479797363281
2022-12-20,122.55561065673828
2022-12-21,123.93408966064453
2022-12-22,122.52745056152344
2022-12-23,123.10884094238281
2022-12-27,123.54025268554688
2022-12-28,124.21541595458984
2022-12-29,124.9281005859375
2022-12-30,125.75333404541016
2023-01-03,126.70984649658203
2023-01-04,127.89144897460938
2023-01-05,127.86309051513672
2023-01-06,130.30982971191406
2023-01-09,129.77133178710938
2023-01-10,130.9333038330078
2023-01-11,131.90635681152344
2023-01-12,131.77410888671875
2023-01-13,135.099365234375
2023-01-17,133.01161193847656
2023-01-18,129.015625
2023-01-19,127.2962646484375
2023-01-20,127.6080322265625
2023-01-23,129.6768798828125
2023-01-24,130.79159545898438
2023-01-25,131.42453002929688
2023-01-26,132.2369842529297
2023-01-27,132.5581817626953
2023-01-30,131.43399047851562
2023-01-31,132.21807861328125
2023-02-01,131.86856079101562
2023-02-02,131.25450134277344
2023-02-03,133.28558349609375
2023-02-06,134.06967163085938
2023-02-07,135.70396423339844
2023-02-08,134.7498321533203
2023-02-09,132.65264892578125
2023-02-10,133.23834228515625
2023-02-13,134.68370056152344
2023-02-14,135.2788543701172
2023-02-15,135.84567260742188
2023-02-16,133.97525024414062
2023-02-17,134.37196350097656
2023-02-21,131.90635681152344
2023-02-22,130.89553833007812
2023-02-23,131.94412231445312
2023-02-24,133.13441467285156
2023-02-27,134.29637145996094
2023-02-28,135.42056274414062
2023-03-01,134.66481018066406
2023-03-02,133.26669311523438
2023-03-03,135.7134246826172
2023-03-06,134.9198760986328
2023-03-07,130.95220947265625
2023-03-08,130.1775665283203
2023-03-09,123.13021850585938
2023-03-10,126.25712585449219
2023-03-13,123.98987579345703
2023-03-14,127.17346954345703
2023-03-15,121.1652603149414
2023-03-16,123.51752471923828
2023-03-17,118.85079956054688
2023-03-20,120.10722351074219
2023-03-21,123.32862091064453
2023-03-22,120.14501190185547
2023-03-23,119.82381439208984
2023-03-24,118.0005874633789
2023-03-27,121.38255310058594
2023-03-28,121.75098419189453
2023-03-29,121.9966049194336
2023-03-30,121.628173828125
2023-03-31,123.10186767578125
2023-04-03,122.96017456054688
2023-04-04,121.31641387939453
2023-04-05,121.49730682373047
2023-04-06,121.36402893066406
2023-04-10,121.76390838623047
2023-04-11,122.36373901367188
2023-04-12,122.34468078613281
2023-04-13,122.81122589111328
2023-04-14,132.0846405029297
2023-04-17,133.1319580078125
2023-04-18,134.62673950195312
2023-04-19,134.4553985595703
2023-04-20,134.06503295898438
2023-04-21,133.80795288085938
2023-04-24,133.98883056640625
2023-04-25,131.07542419433594
2023-04-26,128.75230407714844
2023-04-27,130.48513793945312
2023-04-28,131.6181182861328
2023-05-01,134.4363555908203
2023-05-02,132.26553344726562
2023-05-03,129.46636962890625
2023-05-04,127.69547271728516
2023-05-05,130.18997192382812
2023-05-08,130.50418090820312
2023-05-09,129.87579345703125
2023-05-10,129.94241333007812
2023-05-11,129.5330352783203
2023-05-12,127.67644500732422
2023-05-15,128.75230407714844
2023-05-16,127.88589477539062
2023-05-17,131.81805419921875
2023-05-18,132.81777954101562
2023-05-19,132.5131072998047
2023-05-22,131.41819763183594
2023-05-23,130.04714965820312
2023-05-24,128.85702514648438
2023-05-25,129.17123413085938
2023-05-26,130.38037109375
2023-05-30,130.87550354003906
2023-05-31,129.20932006835938
2023-06-01,130.98974609375
2023-06-02,133.74130249023438
2023-06-05,132.4274139404297
2023-06-06,132.66542053222656
2023-06-07,133.95079040527344
2023-06-08,133.98883056640625
2023-06-09,134.25543212890625
2023-06-12,134.24591064453125
2023-06-13,135.21705627441406
2023-06-14,134.7124786376953
2023-06-15,136.2357940673828
2023-06-16,136.3976593017578
2023-06-20,135.70263671875
2023-06-21,135.50270080566406
2023-06-22,132.89395141601562
2023-06-23,132.1988983154297
2023-06-26,132.52261352539062
2023-06-27,132.53213500976562
2023-06-28,131.95135498046875
2023-06-29,136.5595245361328
2023-06-30,138.47325134277344
2023-07-03,139.5872039794922
2023-07-05,138.65731811523438
2023-07-06,137.28646850585938
2023-07-07,138.36973571777344
2023-07-10,139.14622497558594
2023-07-11,141.3223114013672
2023-07-12,142.02212524414062
2023-07-13,142.7123565673828
2023-07-14,143.57513427734375
2023-07-17,147.03579711914062
2023-07-18,147.3042449951172
2023-07-19,147.8697967529297
2023-07-20,149.6912078857422
2023-07-21,148.54086303710938
2023-07-24,151.46470642089844
2023-07-25,150.33351135253906
2023-07-26,151.234619140625
2023-07-27,149.56661987304688
2023-07-28,150.41978454589844
2023-07-31,151.42636108398438
2023-08-01,150.6786346435547
2023-08-02,148.9722442626953
2023-08-03,149.88296508789062
2023-08-04,149.56661987304688
2023-08-07,150.27598571777344
2023-08-08,149.43238830566406
2023-08-09,147.4288330078125
2023-08-10,147.20835876464844
2023-08-11,148.06153869628906
2023-08-14,148.36830139160156
2023-08-15,144.5912628173828
2023-08-16,143.97775268554688
2023-08-17,142.48226928710938
2023-08-18,142.80821228027344
2023-08-21,143.29710388183594
2023-08-22,140.32534790039062
2023-08-23,141.2743682861328
2023-08-24,141.1401824951172
2023-08-25,140.9676513671875
2023-08-28,141.45652770996094
2023-08-29,142.6068878173828
2023-08-30,142.03173828125
2023-08-31,140.27740478515625
2023-09-01,140.7471466064453
2023-09-05,139.1941375732422
2023-09-06,138.96408081054688
2023-09-07,137.77537536621094
2023-09-08,137.88079833984375
2023-09-11,138.48475646972656
2023-09-12,140.28700256347656
2023-09-13,140.35411071777344
2023-09-14,143.07662963867188
2023-09-15,142.6548309326172
2023-09-18,142.95201110839844
2023-09-19,142.7698516845703
2023-09-20,142.16592407226562
2023-09-21,141.0539093017578
2023-09-22,139.7022247314453
2023-09-25,140.39244079589844
2023-09-26,138.935302734375
2023-09-27,139.75013732910156
2023-09-28,141.48529052734375
2023-09-29,139.02159118652344
2023-10-02,137.82327270507812
2023-10-03,136.80715942382812
2023-10-04,137.42066955566406
2023-10-05,138.0000762939453
2023-10-06,140.12466430664062
2023-10-09,139.80596923828125
2023-10-10,140.65579223632812
2023-10-11,141.13865661621094
2023-10-12,140.810302734375
2023-10-13,142.9252166748047
2023-10-16,142.78038024902344
2023-10-17,142.47134399414062
2023-10-18,140.90689086914062
2023-10-19,140.30813598632812
2023-10-20,138.04837036132812
2023-10-23,136.1652374267578
2023-10-24,136.32940673828125
2023-10-25,135.5858154296875
2023-10-26,135.93345642089844
2023-10-27,131.03732299804688
2023-10-30,132.7080078125
2023-10-31,134.29177856445312
2023-11-01,134.17587280273438
2023-11-02,136.5708465576172
2023-11-03,138.0966796875
2023-11-06,139.13966369628906
2023-11-07,139.07203674316406
2023-11-08,139.75767517089844
2023-11-09,139.34242248535156
2023-11-10,141.40904235839844
2023-11-13,140.7813262939453
2023-11-14,143.35015869140625
2023-11-15,144.60556030273438
2023-11-16,146.25692749023438
2023-11-17,147.57997131347656
2023-11-20,148.03382873535156
2023-11-21,147.72482299804688
2023-11-22,148.0724639892578
2023-11-24,148.27525329589844
2023-11-27,147.937255859375
2023-11-28,148.27525329589844
2023-11-29,149.0285186767578
2023-11-30,150.72817993164062
2023-12-01,151.46209716796875
2023-12-04,152.5726776123047
2023-12-05,152.55337524414062
2023-12-06,150.9502716064453
2023-12-07,151.41380310058594
2023-12-08,153.08450317382812
2023-12-11,153.64462280273438
2023-12-12,155.01593017578125
2023-12-13,155.5373992919922
2023-12-14,158.36695861816406
2023-12-15,159.5644073486328
2023-12-18,160.53012084960938
2023-12-19,162.67401123046875
2023-12-20,160.83917236328125
2023-12-21,161.75660705566406
2023-12-22,161.66001892089844
2023-12-26,162.61605834960938
2023-12-27,163.5914306640625
2023-12-28,164.4605712890625
2023-12-29,164.26744079589844
2024-01-02,166.17953491210938
2024-01-03,165.4552764892578
2024-01-04,166.55323791503906
2024-01-05,167.38890075683594
2024-01-08,167.14596557617188
2024-01-09,165.82452392578125
2024-01-10,166.17430114746094
2024-01-11,165.4746856689453
2024-01-12,164.26010131835938
2024-01-16,163.23016357421875
2024-01-17,162.35565185546875
2024-01-18,162.67630004882812
2024-01-19,165.48440551757812
2024-01-22,165.2900848388672
2024-01-23,164.2018280029297
2024-01-24,165.6690216064453
2024-01-25,168.03990173339844
2024-01-26,167.3986053466797
2024-01-29,167.83584594726562
2024-01-30,171.27554321289062
2024-01-31,169.41966247558594
2024-02-01,168.80752563476562
2024-02-02,169.77919006347656
2024-02-05,169.55567932128906
2024-02-06,170.13868713378906
2024-02-07,170.45933532714844
2024-02-08,169.84719848632812
2024-02-09,170.0512237548828
2024-02-12,170.80914306640625
2024-02-13,169.32247924804688
2024-02-14,171.04234313964844
2024-02-15,174.77352905273438
2024-02-16,173.95733642578125
2024-02-20,174.6374969482422
2024-02-21,175.7743682861328
2024-02-22,177.88287353515625
2024-02-23,178.7768096923828
2024-02-26,178.16465759277344
2024-02-27,178.25210571289062
2024-02-28,179.15576171875
2024-02-29,180.7881622314453
2024-03-01,180.0399627685547
2024-03-04,181.3905792236328
2024-03-05,183.20761108398438
2024-03-06,184.1598358154297
2024-03-07,182.546875
2024-03-08,182.88694763183594
2024-03-11,182.9549560546875
2024-03-12,184.46104431152344
2024-03-13,185.95741271972656
2024-03-14,182.64404296875
2024-03-15,184.90802001953125
2024-03-18,187.20115661621094
2024-03-19,188.2991180419922
2024-03-20,190.76715087890625
2024-03-21,193.4197998046875
2024-03-22,191.04893493652344
2024-03-25,189.29995727539062
2024-03-26,190.1841583251953
2024-03-27,193.8667755126953
2024-03-28,194.6246795654297
2024-04-01,193.30320739746094
2024-04-02,193.2254638671875
2024-04-03,192.6813507080078
2024-04-04,191.21534729003906
2024-04-05,192.97454833984375
2024-04-08,193.981201171875
2024-04-09,192.68133544921875
2024-04-10,191.0394287109375
2024-04-11,191.0003204345703
2024-04-12,178.64682006835938
2024-04-15,178.74456787109375
2024-04-16,176.70193481445312
2024-04-17,175.99826049804688
2024-04-18,177.1417236328125
2024-04-19,181.58860778808594
2024-04-22,185.11679077148438
2024-04-23,187.78488159179688
2024-04-24,188.70358276367188
2024-04-25,188.98703002929688
2024-04-26,189.1043243408203
2024-04-29,188.89907836914062
2024-04-30,187.3939666748047
2024-05-01,187.51124572753906
2024-05-02,187.3157958984375
2024-05-03,186.1918487548828
2024-05-06,187.6480712890625
2024-05-07,187.4037322998047
2024-05-08,191.21534729003906
2024-05-09,193.02342224121094
2024-05-10,194.26461791992188
2024-05-13,194.2255401611328
2024-05-14,196.94252014160156
2024-05-15,197.52891540527344
2024-05-16,197.88076782226562
2024-05-17,200.14816284179688
2024-05-20,191.1469268798828
2024-05-21,194.9976348876953
2024-05-22,193.8150634765625
2024-05-23,192.45654296875
2024-05-24,196.16065979003906
2024-05-28,194.9780731201172
2024-05-29,193.61956787109375
2024-05-30,194.8119354248047
2024-05-31,198.03713989257812
2024-06-03,197.24549865722656
2024-06-04,194.64578247070312
2024-06-05,192.78884887695312
2024-06-06,192.44677734375
2024-06-07,195.41787719726562
2024-06-10,195.08558654785156
2024-06-11,189.95458984375
2024-06-12,187.18873596191406
2024-06-13,189.2704620361328
2024-06-14,189.38772583007812
2024-06-17,190.56053161621094
2024-06-18,192.5347442626953
2024-06-20,194.16688537597656
2024-06-21,191.85061645507812
2024-06-24,194.37213134765625
2024-06-25,193.5804901123047
2024-06-26,192.95498657226562
2024-06-27,194.65554809570312
2024-06-28,197.67552185058594
2024-07-01,200.793212890625
2024-07-02,204.0966033935547
2024-07-03,203.95977783203125
2024-07-05,201.2572021484375
2024-07-08,201.6306610107422
2024-07-09,204.04823303222656
2024-07-10,204.21530151367188
2024-07-11,203.87132263183594
2024-07-12,201.40463256835938
2024-07-15,206.42648315429688
2024-07-16,209.9348907470703
2024-07-17,213.12881469726562
2024-07-18,206.357666015625
2024-07-19,206.16111755371094
2024-07-22,206.6525115966797
2024-07-23,206.70164489746094
2024-07-24,204.9916534423828
2024-07-25,205.07028198242188
2024-07-26,208.5786895751953
2024-07-29,207.21267700195312
2024-07-30,211.47781372070312
2024-07-31,209.1290283203125
2024-08-01,204.37254333496094
2024-08-02,195.70468139648438
2024-08-05,191.53781127929688
2024-08-06,196.88397216796875
2024-08-07,196.94293212890625
2024-08-08,200.539794921875
2024-08-09,202.24978637695312
2024-08-12,202.63307189941406
2024-08-13,204.35289001464844
2024-08-14,206.6132049560547
2024-08-15,207.90060424804688
2024-08-16,210.2788543701172
2024-08-19,211.73333740234375
2024-08-20,210.8193817138672
2024-08-21,210.8979949951172
2024-08-22,212.89297485351562
2024-08-23,214.54397583007812
2024-08-26,215.38914489746094
2024-08-27,216.38172912597656
2024-08-28,217.4725799560547
2024-08-29,218.37672424316406
2024-08-30,220.92201232910156
2024-09-03,216.49964904785156
2024-09-04,215.54638671875
2024-09-05,213.87571716308594
2024-09-06,208.79490661621094
2024-09-09,213.06985473632812
2024-09-10,202.013916015625
2024-09-11,203.65512084960938
2024-09-12,203.03598022460938
2024-09-13,200.79531860351562
2024-09-16,204.27426147460938
2024-09-17,205.64027404785156
2024-09-18,203.94993591308594
2024-09-19,206.84906005859375
2024-09-20,207.4485321044922
2024-09-23,207.79249572753906
2024-09-24,207.9398956298828
2024-09-25,206.56407165527344
2024-09-26,206.16111755371094
2024-09-27,206.86871337890625
2024-09-30,207.22250366210938
2024-10-01,203.46839904785156
2024-10-02,203.7140655517578
2024-10-03,201.6896209716797
2024-10-04,208.84832763671875
2024-10-07,208.5615692138672
2024-10-08,208.3835906982422
2024-10-09,211.02362060546875
2024-10-10,210.45013427734375
2024-10-11,219.79400634765625
2024-10-14,218.99310302734375
2024-10-15,219.8928985595703
2024-10-16,221.12887573242188
2024-10-17,221.90011596679688
2024-10-18,222.83944702148438
2024-10-21,220.49606323242188
2024-10-22,221.6034698486328
2024-10-23,220.90145874023438
2024-10-24,222.4538116455078
2024-10-25,219.8137969970703
2024-10-28,222.96798706054688
2024-10-29,220.3971710205078
2024-10-30,221.89022827148438
2024-10-31,219.4281768798828
2024-11-01,220.43673706054688
2024-11-04,217.31219482421875
2024-11-05,219.0030059814453
2024-11-06,244.28590393066406
2024-11-07,233.725830078125
2024-11-08,234.31907653808594
2024-11-11,236.60313415527344
2024-11-12,236.8701171875
2024-11-13,238.4521484375
2024-11-14,239.1541748046875
2024-11-15,242.5555419921875
2024-11-18,242.2786865234375
2024-11-19,240.36045837402344
2024-11-20,238.07640075683594
2024-11-21,242.01170349121094
2024-11-22,245.75917053222656
2024-11-25,247.47962951660156
2024-11-26,247.16322326660156
2024-11-27,246.9852294921875
2024-11-29,246.91603088378906
2024-12-02,243.48500061035156
2024-12-03,242.071044921875
2024-12-04,240.6669921875
2024-12-05,242.7236328125
2024-12-06,244.58251953125
2024-12-09,241.0723876953125
2024-12-10,240.133056640625
2024-12-11,240.7955322265625
2024-12-12,238.81797790527344
2024-12-13,237.245849609375
2024-12-16,236.889892578125
2024-12-17,235.68357849121094
2024-12-18,227.78329467773438
2024-12-19,230.34422302246094
2024-12-20,234.93212890625
2024-12-23,235.71324157714844
2024-12-24,239.58921813964844
2024-12-26,240.409912109375
2024-12-27,238.4620361328125
2024-12-30,236.6328125
